noise,discount,delta,mean,lower,upper
50,0.25,0.01,0.95,0.9065371337811178,0.9934628662188821
50,0.25,0.01,1.0,1.0,1.0
